store_id,item_id,forecast,actual_future
0,521,[-0.032959423987570874],[0]
0,737,[7.992820975550924],[24]
0,740,[2.7058307709626868],[24]
